{
    "vanilla_american_binomial_cuda_batch_naive": {
        "n": [
            1,
            2,
            4,
            8,
            16,
            32,
            64,
            128,
            256,
            512,
            1024,
            2048,
            4096,
            8192,
            16384
        ],
        "mean": [
            0.03838651134414405,
            0.07664103396897164,
            0.15190891784696695,
            0.3085258486456096,
            0.6138980742069742,
            1.1187971688958969,
            1.267056829158313,
            1.3416171032996735,
            1.4011823817307016,
            1.5028556870423935,
            1.559381157195283,
            1.5853094035824271,
            1.5879417593797498,
            1.5921902400450492,
            1.567005753809678
        ],
        "std": [
            0.0012523375554026155,
            0.002563375084728971,
            0.0017898144291914032,
            0.0018801003805514744,
            0.0036234062573967303,
            0.007706901472012075,
            0.006479664030075326,
            0.009119142540877949,
            0.011272000803506802,
            0.012272899665923511,
            0.012048834991229999,
            0.01400416032073281,
            0.014087562517885607,
            0.014196441298451518,
            0.014377024678453133
        ]
    },
    "vanilla_american_binomial_cuda_batch_nvidia_baseline": {
        "n": [
            1,
            2,
            4,
            8,
            16,
            32,
            64,
            128,
            256,
            512,
            1024,
            2048,
            4096,
            8192,
            16384
        ],
        "mean": [
            0.14066349593968552,
            0.2805457618372272,
            0.5613526306366629,
            1.1412314499140117,
            2.3043179626557104,
            4.6092351342906,
            5.197497455899752,
            5.55276260705798,
            5.752586967787607,
            6.214357215090081,
            6.48494633112076,
            6.6183001414541875,
            6.6314081202594535,
            6.650987843959662,
            6.5482346520612085
        ],
        "std": [
            0.004264566971398752,
            0.008546364363646053,
            0.006210925561725095,
            0.007343901724305995,
            0.017341853710753422,
            0.025830841754045163,
            0.0452775465018049,
            0.04890615722200829,
            0.050019786928199174,
            0.054702328883932505,
            0.05632821981725672,
            0.060355720380176996,
            0.0638002550550818,
            0.06375087069691168,
            0.05980975555941245
        ]
    },
    "vanilla_american_binomial_cuda_batch_scheduler_bkdstprcmp_xdovlpunroll_shuffle_ds": {
        "n": [
            1,
            2,
            4,
            8,
            16,
            32,
            64,
            128,
            256,
            512,
            1024,
            2048,
            4096,
            8192,
            16384
        ],
        "mean": [
            1.5287591832952179,
            3.0881209783339028,
            6.131717047857872,
            11.896522404224296,
            22.365869656230856,
            36.63377819786102,
            46.27803161662805,
            55.5385753791078,
            70.59311365538382,
            85.75395269010161,
            96.09862942850863,
            102.78431110417485,
            105.84360679217926,
            107.60216749676015,
            106.68669957662603
        ],
        "std": [
            0.02271724636677476,
            0.11704900755056005,
            0.1695677391466814,
            0.4045234674739988,
            0.618808339195479,
            0.8010437893477708,
            1.3521879568626267,
            1.5756630791838608,
            1.4194035568140335,
            0.9909585649992033,
            0.39360442577150445,
            0.9409508729050378,
            0.8670408809956239,
            0.7499252340483399,
            0.994903855386885
        ]
    }
}