{
	"benchmark_parameters": {
		"K": 100.0,
		"S": 100.0,
		"T": 1.0,
		"nend": 16384,
		"nrepetition_at_step": 50,
		"nstart": 128,
		"nstep": -1,
		"q": 0.015,
		"r": 0.03,
		"sigma": 0.2,
		"type": "Put"
	},
	"runs": [
		{
			"all_times": [
				[
					0.187625,
					0.148476,
					0.146417,
					0.143522,
					0.145596,
					0.148216,
					0.147362,
					0.14287,
					0.147869,
					0.142837,
					0.143401,
					0.168441,
					0.144756,
					0.141892,
					0.14433,
					0.142325,
					0.142917,
					0.142527,
					0.167933,
					0.147286,
					0.157652,
					0.144229,
					0.143047,
					0.14245,
					0.164326,
					0.148304,
					0.14854,
					0.142547,
					0.143861,
					0.143674,
					0.14362,
					0.160705,
					0.164771,
					0.160242,
					0.143828,
					0.14291,
					0.144176,
					0.141936,
					0.168955,
					0.147975,
					0.156225,
					0.142591,
					0.144426,
					0.142809,
					0.168612,
					0.149188,
					0.160548,
					0.14244,
					0.145034,
					0.14195
				],
				[
					0.171572,
					0.185684,
					0.174462,
					0.172301,
					0.173441,
					0.172707,
					0.192897,
					0.176637,
					0.186137,
					0.169875,
					0.170034,
					0.170058,
					0.179677,
					0.178654,
					0.201768,
					0.168525,
					0.169671,
					0.169368,
					0.188563,
					0.185356,
					0.170948,
					0.169343,
					0.168692,
					0.17475,
					0.172298,
					0.167892,
					0.168085,
					0.168496,
					0.167774,
					0.185037,
					0.174244,
					0.168792,
					0.169761,
					0.169378,
					0.169199,
					0.170083,
					0.172997,
					0.183953,
					0.166559,
					0.167451,
					0.168379,
					0.175498,
					0.168114,
					0.167595,
					0.166862,
					0.16928,
					0.168874,
					0.172902,
					0.168276,
					0.169224
				],
				[
					0.227139,
					0.22908,
					0.233507,
					0.227338,
					0.226882,
					0.23687,
					0.300289,
					0.264175,
					0.226861,
					0.223535,
					0.225328,
					0.224254,
					0.223556,
					0.221918,
					0.222946,
					0.231693,
					0.223087,
					0.216132,
					0.221966,
					0.22312,
					0.236107,
					0.220702,
					0.222039,
					0.230667,
					0.236852,
					0.235861,
					0.22164,
					0.221538,
					0.230757,
					0.221719,
					0.2218,
					0.221272,
					0.239684,
					0.221154,
					0.237019,
					0.22046,
					0.221681,
					0.233479,
					0.219025,
					0.220931,
					0.221491,
					0.223395,
					0.222577,
					0.220047,
					0.221925,
					0.220143,
					0.225524,
					0.220645,
					0.222008,
					0.22043
				],
				[
					0.285766,
					0.288786,
					0.286244,
					0.293741,
					0.28749,
					0.287781,
					0.282187,
					0.288766,
					0.280153,
					0.279981,
					0.28627,
					0.281628,
					0.279938,
					0.279554,
					0.280226,
					0.28113,
					0.278462,
					0.278799,
					0.282486,
					0.279745,
					0.276438,
					0.281462,
					0.281292,
					0.27893,
					0.278422,
					0.284486,
					0.279737,
					0.279396,
					0.279566,
					0.279753,
					0.278792,
					0.278537,
					0.281934,
					0.280471,
					0.277762,
					0.288199,
					0.312441,
					0.279111,
					0.279229,
					0.285518,
					0.280818,
					0.279389,
					0.284276,
					0.280716,
					0.277966,
					0.278719,
					0.280412,
					0.279608,
					0.277949,
					0.278525
				],
				[
					0.450315,
					0.423755,
					0.422015,
					0.421583,
					0.420147,
					0.420639,
					0.418104,
					0.423721,
					0.416811,
					0.418493,
					0.41951,
					0.4188,
					0.41746,
					0.416419,
					0.421453,
					0.416913,
					0.417248,
					0.417104,
					0.414314,
					0.423276,
					0.416142,
					0.417684,
					0.416679,
					0.417721,
					0.416653,
					0.414555,
					0.414197,
					0.416206,
					0.416779,
					0.416592,
					0.4169,
					0.42343,
					0.415761,
					0.417244,
					0.416385,
					0.417417,
					0.416906,
					0.416372,
					0.421574,
					0.415677,
					0.416958,
					0.417556,
					0.415201,
					0.422063,
					0.414925,
					0.414713,
					0.414793,
					0.416868,
					0.417056,
					0.416088
				],
				[
					0.854618,
					0.823778,
					0.817381,
					0.822061,
					0.831881,
					0.821787,
					0.812611,
					0.81302,
					0.829057,
					0.817719,
					0.820917,
					0.831905,
					0.812781,
					0.809655,
					0.812214,
					0.828319,
					0.817354,
					0.813146,
					0.815977,
					0.826274,
					0.828457,
					0.818169,
					0.848703,
					0.811608,
					0.818657,
					0.813472,
					0.827056,
					0.809234,
					0.811713,
					0.813097,
					0.817732,
					0.811612,
					0.811898,
					0.831708,
					0.814426,
					0.811209,
					0.810971,
					0.812218,
					0.809465,
					0.816418,
					0.814884,
					0.831088,
					0.810425,
					0.814093,
					0.844239,
					0.812314,
					0.819617,
					0.812698,
					0.824785,
					0.816501
				],
				[
					1.60246,
					1.606879,
					1.606857,
					1.605894,
					1.615533,
					1.62251,
					1.602274,
					1.604623,
					1.604669,
					1.598701,
					1.62014,
					1.604123,
					1.610864,
					1.596899,
					1.622301,
					1.623818,
					1.599343,
					1.612211,
					1.604632,
					1.6011,
					1.60543,
					1.607632,
					1.641033,
					1.601333,
					1.603025,
					1.606842,
					1.624895,
					1.604713,
					1.616944,
					1.600893,
					1.604435,
					1.59976,
					1.59742,
					1.61949,
					1.59877,
					1.59388,
					1.597483,
					1.598583,
					1.642035,
					1.604438,
					1.629079,
					1.603122,
					1.607039,
					1.600859,
					1.601241,
					1.598815,
					1.604121,
					1.602807,
					1.605898,
					1.636888
				],
				[
					3.21091,
					3.198928,
					3.193012,
					3.225832,
					3.206947,
					3.193904,
					3.189496,
					3.187029,
					3.189947,
					3.187681,
					3.186234,
					3.185168,
					3.184505,
					3.18521,
					3.184885,
					3.184565,
					3.18656,
					3.185427,
					3.185392,
					3.198002,
					3.184178,
					3.18629,
					3.185447,
					3.186493,
					3.191138,
					3.197352,
					3.188039,
					3.188963,
					3.192122,
					3.195769,
					3.190651,
					3.206067,
					3.188231,
					3.18569,
					3.185103,
					3.181164,
					3.189774,
					3.182893,
					3.186399,
					3.189925,
					3.188917,
					3.187363,
					3.188622,
					3.192335,
					3.185493,
					3.191705,
					3.185936,
					3.185106,
					3.188797,
					3.19
				]
			],
			"do_pass_sanity_check": "true",
			"function_id": "vanilla_american_binomial_cuda_scheduler_bkdstprcmp_xdovlpunroll_shuffle_trimotm_ds",
			"hyperparams": [],
			"id": "vanilla_american_binomial_cuda_scheduler_bkdstprcmp_xdovlpunroll_shuffle_trimotm_ds",
			"runs": {
				"n": [
					128,
					256,
					512,
					1024,
					2048,
					4096,
					8192,
					16384
				],
				"price": [
					7.223098,
					7.227918,
					7.230284,
					7.231469,
					7.232061,
					7.232355,
					7.232502,
					7.232574
				],
				"time_ms_mean": [
					0.14956338000000002,
					0.17356245999999997,
					0.22764496,
					0.28217973999999996,
					0.4185035000000001,
					0.81961844,
					1.60849468,
					3.1903119199999996
				],
				"time_ms_std": [
					0.01005443518520406,
					0.007597739616088298,
					0.013131413856699449,
					0.005696089312996477,
					0.005277397392152111,
					0.010153350755171962,
					0.011464614614667898,
					0.007943145248731699
				]
			},
			"sanity_check": []
		}
	]
}
