{
	"benchmark_parameters": {
		"K": 100.0,
		"S": 100.0,
		"T": 1.0,
		"nend": 1024,
		"nrepetition_at_step": 50,
		"nstart": 128,
		"nstep": -1,
		"q": 0.015,
		"r": 0.03,
		"sigma": 0.2,
		"type": "Put"
	},
	"runs": [
		{
			"all_times": [
				[
					1.10702,
					0.392043,
					0.378598,
					0.379662,
					0.375732,
					0.372121,
					0.381528,
					0.370693,
					0.38073,
					0.371342,
					0.370458,
					0.372762,
					0.372389,
					0.371251,
					0.377916,
					0.368268,
					0.378523,
					0.370911,
					0.369221,
					0.370219,
					0.369273,
					0.368121,
					0.38128,
					0.370129,
					0.37834,
					0.37133,
					0.368325,
					0.371429,
					0.36907,
					0.368184,
					0.397652,
					0.385198,
					0.413006,
					0.389263,
					0.383344,
					0.39658,
					0.383789,
					0.392076,
					0.42220800000000003,
					0.370145,
					0.374282,
					0.378279,
					0.373375,
					0.446922,
					0.38714,
					0.383903,
					0.391663,
					0.368381,
					0.428295,
					0.383012
				],
				[
					0.685414,
					0.717135,
					0.680661,
					0.671047,
					0.676226,
					0.686473,
					0.691506,
					0.678029,
					0.692412,
					0.712225,
					0.679584,
					0.735593,
					0.67968,
					0.695459,
					0.713846,
					0.679165,
					0.674457,
					0.678238,
					0.685898,
					0.71259,
					0.69547,
					0.700311,
					0.714699,
					0.702731,
					0.710213,
					0.678895,
					0.684665,
					0.673265,
					0.674597,
					0.670257,
					0.707006,
					0.72488,
					0.710985,
					0.708861,
					0.720128,
					0.67815,
					0.701043,
					0.713754,
					0.676985,
					0.669589,
					0.677277,
					0.685434,
					0.721029,
					0.676422,
					0.685668,
					0.71081,
					0.687231,
					0.689879,
					0.67389,
					0.685511
				],
				[
					1.828483,
					1.85118,
					1.854043,
					1.85351,
					1.830861,
					1.829079,
					1.82814,
					1.832206,
					1.829107,
					1.835009,
					1.829508,
					1.829552,
					1.828951,
					1.850573,
					1.837428,
					1.85374,
					1.830686,
					1.830329,
					1.83431,
					1.84995,
					1.850692,
					1.835798,
					1.828378,
					1.826564,
					1.836525,
					1.868961,
					1.901878,
					1.83712,
					1.85211,
					1.828508,
					1.829477,
					1.833423,
					1.863261,
					1.854146,
					1.860497,
					1.853562,
					1.830691,
					1.829575,
					1.829987,
					1.852748,
					1.836722,
					1.851586,
					1.831241,
					1.842385,
					1.838304,
					1.87268,
					1.834704,
					1.856774,
					1.832517,
					1.830717
				],
				[
					6.398685,
					6.409941,
					6.412737,
					6.401785,
					6.39816,
					6.396862,
					6.438941,
					6.398199,
					6.399036,
					6.396605,
					6.397001,
					6.441343,
					6.436902,
					6.400417,
					6.397531,
					6.405794,
					6.442858,
					6.400942,
					6.413392,
					6.411917,
					6.402246,
					6.398243,
					6.397899,
					6.399374,
					6.396989,
					6.418835,
					6.40436,
					6.395476,
					6.419666,
					6.395508,
					6.397864,
					6.397833,
					6.397358,
					6.402568,
					6.39729,
					6.400928,
					6.395506,
					6.398775,
					6.404318,
					6.397367,
					6.400778,
					6.397767,
					6.399205,
					6.423237,
					6.397929,
					6.396048,
					6.397263,
					6.39685,
					6.418202,
					6.395738
				]
			],
			"do_pass_sanity_check": "false",
			"function_id": "vanilla_american_binomial_cuda_nvidia_baseline",
			"hyperparams": [],
			"id": "vanilla_american_binomial_cuda_nvidia_baseline",
			"runs": {
				"n": [
					128,
					256,
					512,
					1024
				],
				"price": [
					7.223098,
					7.227918,
					7.230284,
					7.23147
				],
				"time_ms_mean": [
					0.39590761999999996,
					0.6927054599999997,
					1.8415635200000002,
					6.404809359999999
				],
				"time_ms_std": [
					0.10390256636532914,
					0.017302253984592505,
					0.015081088567379435,
					0.012591021689040064
				]
			},
			"sanity_check": [
				{
					"expected": 5.2765702551402915,
					"price": 0.0,
					"test_name": "At-the-money put"
				},
				{
					"expected": 0.48723765812547787,
					"price": 0.0,
					"test_name": "Deep OTM put"
				},
				{
					"expected": 50.0,
					"price": 0.0,
					"test_name": "Deep ITM put"
				},
				{
					"expected": 0.7847490360259585,
					"price": 0.0,
					"test_name": "Short maturity put"
				},
				{
					"expected": 15.341030116404534,
					"price": 0.0,
					"test_name": "Long maturity put"
				},
				{
					"expected": 29.743972655501523,
					"price": 0.0,
					"test_name": "High volatility put"
				},
				{
					"expected": 0.08973547913918153,
					"price": 0.0,
					"test_name": "Low volatility put"
				},
				{
					"expected": 8.413504774380517,
					"price": 0.0,
					"test_name": "Zero interest rate put"
				},
				{
					"expected": 10.954893903914176,
					"price": 0.0,
					"test_name": "Negative interest rate put"
				},
				{
					"expected": 6.733179676438352,
					"price": 0.0,
					"test_name": "Zero dividend put"
				},
				{
					"expected": 11.180698151006414,
					"price": 0.0,
					"test_name": "High dividend yield put"
				},
				{
					"expected": 8.789717076470788,
					"price": 0.0,
					"test_name": "Very small time step put"
				},
				{
					"expected": 0.23727569071036222,
					"price": 0.0,
					"test_name": "Short-term high vol put"
				},
				{
					"expected": 20.0,
					"price": 0.0,
					"test_name": "Long-term low vol put"
				}
			]
		}
	]
}
