{
	"benchmark_parameters": {
		"K": 100.0,
		"S": 100.0,
		"T": 1.0,
		"nend": 65536,
		"nrepetition_at_step": 10,
		"nstart": 128,
		"nstep": -1,
		"q": 0.015,
		"r": 0.03,
		"sigma": 0.2,
		"type": "Put"
	},
	"runs": [
		{
			"all_times": [
				[
					0.824385,
					0.82107,
					0.806178,
					0.838033,
					0.816358,
					0.828003,
					0.835324,
					0.847349,
					0.80476,
					0.843478
				],
				[
					1.670859,
					1.693827,
					1.679008,
					1.670225,
					1.672891,
					1.702082,
					1.704093,
					1.683145,
					1.666342,
					1.67956
				],
				[
					4.285115,
					4.320206,
					4.265657,
					4.278203,
					4.269398,
					4.298873,
					4.26021,
					4.285912,
					4.29232,
					4.272695
				],
				[
					13.528026,
					13.531494,
					13.525498,
					13.536824,
					13.526631,
					13.523976,
					13.55919,
					13.499713,
					13.543314,
					13.498422
				],
				[
					36.624927,
					36.615595,
					36.670353,
					36.638721,
					36.619596,
					36.635286,
					36.607067,
					36.599747,
					36.608172,
					36.601824
				],
				[
					82.79,
					82.761137,
					82.781367,
					82.801812,
					82.823196,
					82.810159,
					82.796079,
					82.771836,
					82.814737,
					82.814468
				],
				[
					175.300759,
					175.122347,
					175.244348,
					175.402382,
					175.336592,
					175.206342,
					175.151742,
					175.210366,
					175.154083,
					175.126998
				],
				[
					359.853532,
					359.806245,
					359.799607,
					360.399765,
					359.849651,
					359.787254,
					359.808425,
					359.947754,
					359.815862,
					359.798616
				],
				[
					729.226352,
					729.143614,
					729.343394,
					729.157098,
					729.149318,
					729.193503,
					729.232259,
					729.35586,
					729.150817,
					729.256736
				],
				[
					2046.221748,
					2046.418492,
					2046.066623,
					2046.024236,
					2046.303266,
					2045.981636,
					2045.915045,
					2045.929818,
					2046.005117,
					2046.312796
				]
			],
			"do_pass_sanity_check": "true",
			"function_id": "vanilla_american_binomial_cuda_naive",
			"hyperparams": [],
			"id": "vanilla_american_binomial_cuda_naive",
			"runs": {
				"n": [
					128,
					256,
					512,
					1024,
					2048,
					4096,
					8192,
					16384,
					32768,
					65536
				]
			}
		}
	]
}