{
    "benchmark_parameters": {
        "K": 100.0,
        "S": 100.0,
        "T": 1.0,
        "nend": 65536,
        "nrepetition_at_step": 10,
        "nstart": 128,
        "nstep": -1,
        "q": 0.015,
        "r": 0.03,
        "sigma": 0.2,
        "type": "Put"
    },
    "runs": [
        {
            "all_times": [
                [
                    0.3478527069091797,
                    0.1614093780517578,
                    0.1404285430908203,
                    0.12993812561035156,
                    0.12969970703125,
                    0.12874603271484375,
                    0.1552104949951172,
                    0.13685226440429688,
                    0.12969970703125,
                    0.1289844512939453
                ],
                [
                    0.48279762268066406,
                    0.44274330139160156,
                    0.49495697021484375,
                    0.4451274871826172,
                    0.49614906311035156,
                    0.4417896270751953,
                    0.4940032958984375,
                    0.44226646423339844,
                    0.46944618225097656,
                    0.4658699035644531
                ],
                [
                    1.672983169555664,
                    1.7235279083251953,
                    1.7669200897216797,
                    1.6751289367675781,
                    1.661062240600586,
                    1.7006397247314453,
                    1.7442703247070312,
                    1.6138553619384766,
                    1.600503921508789,
                    1.6047954559326172
                ],
                [
                    6.110668182373047,
                    6.1054229736328125,
                    6.09898567199707,
                    6.092071533203125,
                    6.140947341918945,
                    6.142139434814453,
                    6.145715713500977,
                    6.162405014038086,
                    6.086587905883789,
                    6.093740463256836
                ],
                [
                    24.39713478088379,
                    23.95772933959961,
                    23.936033248901367,
                    23.879289627075195,
                    24.277925491333008,
                    24.38831329345703,
                    23.905515670776367,
                    24.41120147705078,
                    23.8802433013916,
                    23.9255428314209
                ],
                [
                    104.34460639953613,
                    104.3400764465332,
                    103.75213623046875,
                    103.99484634399414,
                    109.66801643371582,
                    106.05263710021973,
                    103.85966300964355,
                    104.4921875,
                    108.70003700256348,
                    116.32204055786133
                ],
                [
                    527.3802280426025,
                    502.9764175415039,
                    498.31533432006836,
                    497.03121185302734,
                    499.74513053894043,
                    499.3727207183838,
                    502.4871826171875,
                    496.89197540283203,
                    494.2491054534912,
                    496.3409900665283
                ],
                [
                    2320.911169052124,
                    2323.617458343506,
                    2333.089828491211,
                    2396.984577178955,
                    2327.2910118103027,
                    2324.970245361328,
                    2339.8354053497314,
                    2325.538396835327,
                    2341.0332202911377,
                    2318.0534839630127
                ],
                [
                    10516.740322113037,
                    10461.06743812561,
                    10427.047967910767,
                    10440.243005752563,
                    10459.857702255249,
                    10430.223226547241,
                    10438.530683517456,
                    10429.507732391357,
                    10435.808897018433,
                    10423.271894454956
                ],
                [
                    45949.23210144043,
                    45854.81119155884,
                    45769.29545402527,
                    45656.235456466675,
                    45660.17293930054,
                    46041.8963432312,
                    45616.196393966675,
                    45761.4221572876,
                    46066.279888153076,
                    45945.69253921509
                ]
            ],