{
	"benchmark_parameters": {
		"K": 100.0,
		"S": 100.0,
		"T": 1.0,
		"nend": 16384,
		"nrepetition_at_step": 50,
		"nstart": 128,
		"nstep": -1,
		"q": 0.015,
		"r": 0.03,
		"sigma": 0.2,
		"type": "Put"
	},
	"runs": [
		{
			"all_times": [
				[
					1.07632,
					1.068577,
					1.066856,
					1.066205,
					1.065505,
					1.064374,
					1.06272,
					1.061358,
					1.062186,
					1.06734,
					1.096368,
					1.071901,
					1.060751,
					1.068031,
					1.112427,
					1.061089,
					1.061331,
					1.063022,
					1.062578,
					1.06159,
					1.061873,
					1.063174,
					1.059751,
					1.060338,
					1.067454,
					1.096417,
					1.088386,
					1.085808,
					1.109351,
					1.107264,
					1.063498,
					1.062702,
					1.062007,
					1.06024,
					1.060733,
					1.059307,
					1.061387,
					1.099624,
					1.129747,
					1.075312,
					1.101054,
					1.121351,
					1.075684,
					1.061501,
					1.062674,
					1.061027,
					1.060599,
					1.060161,
					1.060175,
					1.081499
				],
				[
					2.030044,
					2.00999,
					2.047311,
					1.995296,
					2.003745,
					2.012219,
					2.011253,
					2.012614,
					2.012381,
					2.02955,
					2.016885,
					2.008891,
					2.007497,
					1.996436,
					2.001399,
					2.013553,
					2.006066,
					2.000052,
					1.991772,
					1.9897,
					1.998606,
					2.006597,
					1.994916,
					1.999198,
					1.992152,
					2.004793,
					2.022262,
					2.010844,
					2.005126,
					2.006816,
					2.004849,
					2.004872,
					2.012278,
					2.020093,
					2.004878,
					2.002756,
					2.005027,
					2.006369,
					2.003078,
					2.002843,
					2.003863,
					2.002035,
					2.003865,
					2.017272,
					2.001058,
					2.016571,
					1.999873,
					1.982153,
					1.988738,
					2.012487
				],
				[
					5.069292,
					5.072201,
					5.071586,
					5.07249,
					5.072676,
					5.071041,
					5.073833,
					5.073902,
					5.112379,
					5.139104,
					5.127925,
					5.10702,
					5.072688,
					5.06994,
					5.068047,
					5.073786,
					5.070393,
					5.071753,
					5.071744,
					5.076468,
					5.102862,
					5.076434,
					5.071948,
					5.069515,
					5.070717,
					5.069485,
					5.071162,
					5.072833,
					5.068526,
					5.072467,
					5.072919,
					5.073286,
					5.068671,
					5.152653,
					5.083373,
					5.072228,
					5.075008,
					5.102944,
					5.092591,
					5.070536,
					5.070673,
					5.072607,
					5.072647,
					5.07139,
					5.073028,
					5.106855,
					5.112481,
					5.081793,
					5.087852,
					5.092007
				],
				[
					15.991664,
					15.98657,
					15.975973,
					15.956981,
					15.950442,
					15.96659,
					15.961794,
					15.967961,
					15.978395,
					15.97765,
					15.982655,
					15.99966,
					15.989286,
					15.998144,
					15.983375,
					15.960377,
					15.958891,
					15.979546,
					15.955535,
					15.994496,
					15.975331,
					15.972853,
					15.982931,
					15.955211,
					15.951074,
					15.948071,
					15.957933,
					15.946508,
					15.940617,
					15.949901,
					15.953911,
					15.944131,
					15.951728,
					15.94467,
					15.969878,
					15.966571,
					15.945574,
					15.953667,
					15.981275,
					15.996362,
					15.968374,
					15.999628,
					16.002141,
					16.009937999999998,
					15.989288,
					15.982784,
					16.001098,
					15.974226,
					15.95132,
					15.957822
				],
				[
					43.257141,
					43.26428,
					43.242791,
					43.233627,
					43.251535,
					43.362637,
					43.258431,
					43.261083,
					43.264934,
					43.238838,
					43.23947,
					43.237756,
					43.243624,
					43.253168,
					43.23475,
					43.237438,
					43.251222,
					43.252792,
					43.236306,
					43.246447,
					43.252783,
					43.254926,
					43.237799,
					43.2475,
					43.268247,
					43.245891,
					43.242025,
					43.24344,
					43.237878,
					43.240684,
					43.240114,
					43.238434,
					43.273528,
					43.257824,
					43.235195,
					43.238121,
					43.244237,
					43.244001,
					43.236924,
					43.234848,
					43.251299,
					43.256749,
					43.234068,
					43.25781,
					43.306836,
					43.289581,
					43.237802,
					43.240588,
					43.264912,
					43.240387
				],
				[
					97.811286,
					97.850508,
					97.882692,
					97.807477,
					97.814047,
					97.800682,
					97.829374,
					97.823519,
					97.821951,
					97.816773,
					97.812336,
					97.798735,
					97.815023,
					97.829471,
					97.811293,
					97.804382,
					97.806395,
					97.804138,
					97.839418,
					97.800935,
					97.805167,
					97.923536,
					97.820031,
					97.806616,
					97.827381,
					97.79545,
					97.813724,
					97.804809,
					97.80346,
					97.810904,
					97.7969,
					97.8293,
					97.802688,
					97.811179,
					97.817463,
					97.876566,
					97.811969,
					97.822835,
					97.80979,
					97.801581,
					97.824706,
					97.808072,
					97.820521,
					97.801653,
					97.808553,
					97.800143,
					97.806576,
					97.962652,
					97.874365,
					97.8031
				],
				[
					206.936858,
					206.924389,
					206.938717,
					206.939475,
					206.924518,
					206.930595,
					206.9404,
					206.952192,
					206.970357,
					206.964373,
					206.928771,
					206.933539,
					206.925408,
					206.938295,
					206.925471,
					206.932749,
					206.926502,
					206.929171,
					206.944993,
					206.927638,
					206.930745,
					206.951363,
					206.947095,
					206.963721,
					207.07254,
					206.949761,
					206.953552,
					206.95507,
					206.938749,
					206.933292,
					206.956228,
					206.966497,
					206.936999,
					206.932403,
					206.940751,
					206.925866,
					206.91951,
					206.935424,
					206.978599,
					206.946675,
					206.923468,
					206.925872,
					206.92462,
					206.945094,
					206.948538,
					206.940511,
					206.941066,
					206.921703,
					206.940858,
					207.00536
				],
				[
					425.390922,
					425.301071,
					425.212485,
					425.230219,
					425.256923,
					425.476693,
					425.233954,
					425.246928,
					425.251757,
					425.304666,
					425.288078,
					425.207642,
					425.186264,
					425.190771,
					425.186921,
					425.18401,
					425.249928,
					425.243111,
					425.248655,
					425.191167,
					425.213152,
					425.213811,
					425.185247,
					425.171809,
					425.170982,
					425.24476,
					425.210075,
					425.17614,
					425.176598,
					425.286976,
					425.300532,
					425.209244,
					425.309973,
					425.269884,
					425.236796,
					425.227844,
					425.168595,
					425.180127,
					425.182626,
					425.178161,
					425.199258,
					425.1873,
					425.169842,
					425.173253,
					425.192753,
					425.189556,
					425.175867,
					425.169206,
					425.180962,
					425.1955
				]
			],
			"do_pass_sanity_check": "true",
			"function_id": "vanilla_american_binomial_cuda_naive",
			"hyperparams": [],
			"id": "vanilla_american_binomial_cuda_naive",
			"runs": {
				"n": [
					128,
					256,
					512,
					1024,
					2048,
					4096,
					8192,
					16384
				],
				"price": [
					7.223098,
					7.227918,
					7.230284,
					7.23147,
					7.232061,
					7.232355,
					7.232502,
					7.232575
				],
				"time_ms_mean": [
					1.07321254,
					2.00665844,
					5.081795179999999,
					15.970816020000004,
					43.251254020000005,
					97.8216425,
					206.94372681999997,
					425.22457987999996
				],
				"time_ms_std": [
					0.018358272331245207,
					0.011175130751479079,
					0.019377065496422617,
					0.01882409812186574,
					0.021619850144367136,
					0.03179149810893217,
					0.02484656289841484,
					0.060263780715688206
				]
			},
			"sanity_check": []
		}
	]
}
